{
  "summary": {
    "total_tests": 20,
    "timestamp": "2025-10-13 10:45:01",
    "native_available": false,
    "device_sn": "mock_device"
  },
  "operation_stats": {
    "state_reading": {
      "count": 3,
      "avg_frequency": 196.8856538897035,
      "max_frequency": 383.5756190633146,
      "min_frequency": 42.52129500166627,
      "avg_latency": 0.013624158457520144,
      "min_latency": 0.009663177259040602,
      "max_latency": 0.021291333575581394
    },
    "control_command": {
      "count": 3,
      "avg_frequency": 82.14221571733495,
      "max_frequency": 84.36960269225774,
      "min_frequency": 79.88373511766773,
      "avg_latency": 0.012904545423069813,
      "min_latency": 0.011369585990905762,
      "max_latency": 0.01528768828420928
    },
    "concurrent_operations": {
      "count": 4,
      "avg_frequency": 791379.4911280958,
      "max_frequency": 1224614.306569343,
      "min_frequency": 263792.7044025157,
      "avg_latency": 0.0017862021923065186,
      "min_latency": 0.0008165836334228516,
      "max_latency": 0.0037908554077148438
    },
    "memory_allocation": {
      "count": 3,
      "avg_frequency": 604866.1411782599,
      "max_frequency": 690602.2985477657,
      "min_frequency": 526261.4805520703,
      "avg_latency": 0.001673730214436849,
      "min_latency": 0.0014480113983154298,
      "max_latency": 0.0019001960754394531
    },
    "thread_safety": {
      "count": 3,
      "avg_frequency": 9339184.974106358,
      "max_frequency": 9522157.209032865,
      "min_frequency": 9037420.76892105,
      "avg_latency": 0.00010713337177695051,
      "min_latency": 0.00010501821993144417,
      "max_latency": 0.00011065103922558504
    },
    "latency_analysis": {
      "count": 1,
      "avg_frequency": 316910.0113335852,
      "max_frequency": 316910.0113335852,
      "min_frequency": 316910.0113335852,
      "avg_latency": 0.0031554698944091797,
      "min_latency": 0.0031554698944091797,
      "max_latency": 0.0031554698944091797
    },
    "scalability": {
      "count": 3,
      "avg_frequency": 190.79750555100864,
      "max_frequency": 371.20302933211644,
      "min_frequency": 41.957681898992846,
      "avg_latency": 0.014892818790765863,
      "min_latency": 0.01017174130068219,
      "max_latency": 0.020419204584225453
    }
  },
  "detailed_results": [
    {
      "test_name": "Low Frequency Reading",
      "operation": "state_reading",
      "target_frequency": 50,
      "actual_frequency": 42.52129500166627,
      "avg_latency_ms": 0.021291333575581394,
      "min_latency_ms": 0.0019073486328125,
      "max_latency_ms": 0.6639957427978516,
      "std_latency_ms": 0.07074439112552802,
      "success_rate": 100.0,
      "cpu_usage_percent": 0.0,
      "memory_usage_mb": 59.5625,
      "total_operations": 86,
      "duration_seconds": 2.0225160121917725,
      "timestamp": "2025-10-13 10:44:24"
    },
    {
      "test_name": "Medium Frequency Reading",
      "operation": "state_reading",
      "target_frequency": 200,
      "actual_frequency": 164.56004760412958,
      "avg_latency_ms": 0.009663177259040602,
      "min_latency_ms": 0.0007152557373046875,
      "max_latency_ms": 0.1380443572998047,
      "std_latency_ms": 0.01466376741866346,
      "success_rate": 100.0,
      "cpu_usage_percent": 0.4,
      "memory_usage_mb": 59.78125,
      "total_operations": 330,
      "duration_seconds": 2.0053470134735107,
      "timestamp": "2025-10-13 10:44:26"
    },
    {
      "test_name": "High Frequency Reading",
      "operation": "state_reading",
      "target_frequency": 500,
      "actual_frequency": 383.5756190633146,
      "avg_latency_ms": 0.009917964537938436,
      "min_latency_ms": 0.0007152557373046875,
      "max_latency_ms": 0.4200935363769531,
      "std_latency_ms": 0.021114859060172263,
      "success_rate": 100.0,
      "cpu_usage_percent": 0.9,
      "memory_usage_mb": 59.796875,
      "total_operations": 768,
      "duration_seconds": 2.0022127628326416,
      "timestamp": "2025-10-13 10:44:28"
    },
    {
      "test_name": "Position Control",
      "operation": "control_command",
      "target_frequency": 100,
      "actual_frequency": 82.17330934207936,
      "avg_latency_ms": 0.01528768828420928,
      "min_latency_ms": 0.00095367431640625,
      "max_latency_ms": 0.3216266632080078,
      "std_latency_ms": 0.027840432418630608,
      "success_rate": 100.0,
      "cpu_usage_percent": 0.4,
      "memory_usage_mb": 55.3125,
      "total_operations": 165,
      "duration_seconds": 2.007951259613037,
      "timestamp": "2025-10-13 10:44:30"
    },
    {
      "test_name": "Torque Control",
      "operation": "control_command",
      "target_frequency": 100,
      "actual_frequency": 79.88373511766773,
      "avg_latency_ms": 0.011369585990905762,
      "min_latency_ms": 0.0,
      "max_latency_ms": 0.2338886260986328,
      "std_latency_ms": 0.02023307049238826,
      "success_rate": 100.0,
      "cpu_usage_percent": 0.3,
      "memory_usage_mb": 55.421875,
      "total_operations": 160,
      "duration_seconds": 2.002910852432251,
      "timestamp": "2025-10-13 10:44:32"
    },
    {
      "test_name": "Mixed Control",
      "operation": "control_command",
      "target_frequency": 100,
      "actual_frequency": 84.36960269225774,
      "avg_latency_ms": 0.012056361994094397,
      "min_latency_ms": 0.00095367431640625,
      "max_latency_ms": 0.5178451538085938,
      "std_latency_ms": 0.03973013169802852,
      "success_rate": 100.0,
      "cpu_usage_percent": 0.3,
      "memory_usage_mb": 55.375,
      "total_operations": 169,
      "duration_seconds": 2.0030910968780518,
      "timestamp": "2025-10-13 10:44:34"
    },
    {
      "test_name": "Concurrent Operations 1 Threads",
      "operation": "concurrent_operations",
      "target_frequency": 263792.7044025157,
      "actual_frequency": 263792.7044025157,
      "avg_latency_ms": 0.0037908554077148438,
      "min_latency_ms": 0,
      "max_latency_ms": 0,
      "std_latency_ms": 0,
      "success_rate": 100.0,
      "cpu_usage_percent": 104.2,
      "memory_usage_mb": 55.515625,
      "total_operations": 100,
      "duration_seconds": 0.0003790855407714844,
      "timestamp": "2025-10-13 10:44:34"
    },
    {
      "test_name": "Concurrent Operations 2 Threads",
      "operation": "concurrent_operations",
      "target_frequency": 633102.4905660377,
      "actual_frequency": 633102.4905660377,
      "avg_latency_ms": 0.0015795230865478516,
      "min_latency_ms": 0,
      "max_latency_ms": 0,
      "std_latency_ms": 0,
      "success_rate": 100.0,
      "cpu_usage_percent": 108.6,
      "memory_usage_mb": 55.578125,
      "total_operations": 200,
      "duration_seconds": 0.0003159046173095703,
      "timestamp": "2025-10-13 10:44:34"
    },
    {
      "test_name": "Concurrent Operations 4 Threads",
      "operation": "concurrent_operations",
      "target_frequency": 1044008.4629744866,
      "actual_frequency": 1044008.4629744866,
      "avg_latency_ms": 0.0009578466415405273,
      "min_latency_ms": 0,
      "max_latency_ms": 0,
      "std_latency_ms": 0,
      "success_rate": 100.0,
      "cpu_usage_percent": 116.1,
      "memory_usage_mb": 55.59375,
      "total_operations": 400,
      "duration_seconds": 0.00038313865661621094,
      "timestamp": "2025-10-13 10:44:34"
    },
    {
      "test_name": "Concurrent Operations 8 Threads",
      "operation": "concurrent_operations",
      "target_frequency": 1224614.306569343,
      "actual_frequency": 1224614.306569343,
      "avg_latency_ms": 0.0008165836334228516,
      "min_latency_ms": 0,
      "max_latency_ms": 0,
      "std_latency_ms": 0,
      "success_rate": 100.0,
      "cpu_usage_percent": 119.5,
      "memory_usage_mb": 55.65625,
      "total_operations": 800,
      "duration_seconds": 0.0006532669067382812,
      "timestamp": "2025-10-13 10:44:34"
    },
    {
      "test_name": "Memory Allocation 100 Ops",
      "operation": "memory_allocation",